feature,weight
bias,-2.6294829195459015
distance,-0.3872580703042289
angle,0.4014831644049865
first_time,0.03538143353574039
under_pressure,-0.11138830945241472
open_goal,0.10212005986575666
follows_dribble,-0.03597220272813208
body_part=Head,-0.09501063859071852
body_part=Left_Foot,0.0342597869161345
body_part=Other,-0.0739164697760618
shot_type=Corner,-0.016855655457138168
shot_type=Free_Kick,0.0249745482773069
assist_type=Corner,-0.12923805524145698
assist_type=Cross,-0.06955792264126288
assist_type=Cut_Back,0.01658724652851886
assist_type=Free_Kick,0.010422912281780002
assist_type=Goal_Kick,0.04342217808583009
assist_type=Interception,-0.0373631325177044
assist_type=Kick_Off,-0.005224001184511507
assist_type=Recovery,-0.04034995408860981
assist_type=Regular,-0.06740828306992216
assist_type=Through_Ball,0.11499964086767035
assist_type=Throw-in,-0.08817556131303776
play_pattern=From_Corner,0.011122678579931366
play_pattern=From_Counter,-0.011144855511108132
play_pattern=From_Free_Kick,-0.018942520170850075
play_pattern=From_Goal_Kick,-0.04091608983623548
play_pattern=From_Keeper,0.021058462330453075
play_pattern=From_Kick_Off,-0.045100667005741384
play_pattern=From_Throw_In,0.025427090007697287
play_pattern=Other,0.026745437309043697
defenders_in_cone,-0.2208335982975251
n_opponents_in_frame,-0.17214009720729814
keeper_off_line,0.17708220606558805
keeper_off_centre,-0.002120529645754814
keeper_not_in_frame,0.030823730742484155
