feature_set,l2,cv_log_loss,cv_sd
distance,0.0,0.27851191475320236,0.020017425164701383
distance,1e-05,0.2785115597231745,0.020015577838174613
distance,0.0001,0.2785087205906992,0.01999914799421388
distance,0.001,0.27851213641381645,0.0198519935691519
distance,0.01,0.27997921508246776,0.019265269897825486
distance,0.1,0.29166662872535126,0.019749455139790827
geometry,0.0,0.27631518287559254,0.021497861456003065
geometry,1e-05,0.27631436512649127,0.021497652000414324
geometry,0.0001,0.2763088069382988,0.021495522775615235
geometry,0.001,0.2762686119726985,0.021470682548601502
geometry,0.01,0.2764589926164708,0.021066451024000576
geometry,0.1,0.28347247621805943,0.019769062615772697
context,0.0,0.2691720904486267,0.02431682773653778
context,1e-05,0.26904750295508817,0.024286805459835206
context,0.0001,0.2684343434436885,0.024193950193427422
context,0.001,0.2673633175437458,0.02405603996451102
context,0.01,0.26662267424637875,0.023350455705460245
context,0.1,0.2766783400878682,0.021249785793642943
full,0.0,0.2643359444673768,0.024553049910876413
full,1e-05,0.264215781067836,0.024543005366880588
full,0.0001,0.263597454720805,0.024527057656237028
full,0.001,0.2624084851227254,0.024402672272428195
full,0.01,0.26110904467525675,0.023228606337731928
full,0.1,0.2712131651680257,0.020862008122626903
