group,n,goals,observed_rate,M2_mean_xg,M4_mean_xg,M4_bias
all shots,1509,146,0.09675281643472498,0.09289625734033183,0.09689691509322039,0.00014409865849540626
headers,259,35,0.13513513513513514,0.18188680399902463,0.12740525514719273,-0.007729879987942417
feet,1238,109,0.08804523424878836,0.07279351734070227,0.0899663997549306,0.0019211655061422417
free kicks,65,3,0.046153846153846156,0.032282634987563216,0.022644829401437534,-0.023509016752408622
inside 12 yds,394,83,0.21065989847715735,0.19439901696832984,0.18407246298496158,-0.026587435492195777
12-20 yds,455,48,0.1054945054945055,0.08184083446841323,0.10051802303325948,-0.004976482461246018
beyond 20 yds,660,15,0.022727272727272728,0.03992372720895567,0.04235938481736611,0.019632112090093384
from a cross,270,46,0.17037037037037037,0.1521604203144506,0.12868408356002473,-0.04168628681034564
counter attack,55,12,0.21818181818181817,0.09354896539308552,0.15774964625372453,-0.060432171928093636
